INSERT INTO consumer (id, name, surname, patronymic, phone_number) VALUES (1, 'Max', 'Mayev', 'Nikolaevich', '+79657560804');
INSERT INTO consumer (id, name, surname, patronymic, phone_number) VALUES (125, 'library', 'Маев', 'Николаевич', '9657560804');
INSERT INTO consumer (id, name, surname, patronymic, phone_number) VALUES (126, 'library', 'Маев', 'Николаевич', '9657560804');
INSERT INTO consumer (id, name, surname, patronymic, phone_number) VALUES (127, 'Максим', 'Маев', 'Николаевич', '9657560804');
INSERT INTO consumer (id, name, surname, patronymic, phone_number) VALUES (145, 'Максим', 'Маев', 'Николаевич', '9657560804');
INSERT INTO consumer (id, name, surname, patronymic, phone_number) VALUES (151, 'Максим', 'Маев', 'Николаевич', '');
INSERT INTO consumer (id, name, surname, patronymic, phone_number) VALUES (153, 'z58ck1', '', '', '');
INSERT INTO consumer (id, name, surname, patronymic, phone_number) VALUES (154, 'Максим', 'Маев', 'Николаевич', '');
INSERT INTO consumer (id, name, surname, patronymic, phone_number) VALUES (157, 'library', 'Маев', 'Николаевич', '9657560804');
INSERT INTO consumer (id, name, surname, patronymic, phone_number) VALUES (158, 'library', 'Маев', 'Николаевич', '9657560804');
INSERT INTO consumer (id, name, surname, patronymic, phone_number) VALUES (172, 'MMM', 'Маев', 'Николаевич', '9657560804');

INSERT INTO orders (id, consumer_id, append_date, receive_plan, receive_fact, call_date, active, technic, brand, model, serial_number, condition_type, condition_description, order_description, note) VALUES (7, 1, '2019-07-29 00:23:08', '2019-07-29 00:23:08', '2019-07-29 00:23:08', '2019-07-29 00:23:08', null, null, null, null, null, null, null, null, null);
INSERT INTO orders (id, consumer_id, append_date, receive_plan, receive_fact, call_date, active, technic, brand, model, serial_number, condition_type, condition_description, order_description, note) VALUES (8, 1, '2019-07-29 00:23:08', '2019-07-29 00:23:08', '2019-07-29 00:23:08', '2019-07-29 00:23:08', null, null, null, null, null, null, null, null, null);
INSERT INTO orders (id, consumer_id, append_date, receive_plan, receive_fact, call_date, active, technic, brand, model, serial_number, condition_type, condition_description, order_description, note) VALUES (9, 1, '2019-11-28 22:36:00', '2019-11-29 21:00:00', '2019-11-29 21:00:00', '2019-11-29 21:00:00', null, null, null, null, null, null, null, null, null);
INSERT INTO orders (id, consumer_id, append_date, receive_plan, receive_fact, call_date, active, technic, brand, model, serial_number, condition_type, condition_description, order_description, note) VALUES (25, 125, '2019-11-29 15:31:17', '2019-11-29 21:00:00', '2019-11-29 21:00:00', '2019-11-29 21:00:00', 1, 'OrgTech', 'Asus', 'n580G', 'afsafsdfsdfsdf', 'LikeNew', 'good', 'OC', 'hz');
INSERT INTO orders (id, consumer_id, append_date, receive_plan, receive_fact, call_date, active, technic, brand, model, serial_number, condition_type, condition_description, order_description, note) VALUES (26, 126, '2019-11-29 15:48:03', '2019-11-29 21:00:00', '2019-11-29 21:00:00', '2019-11-29 21:00:00', 1, 'NotSet', '', '', '', 'NotSet', '', '', '');
INSERT INTO orders (id, consumer_id, append_date, receive_plan, receive_fact, call_date, active, technic, brand, model, serial_number, condition_type, condition_description, order_description, note) VALUES (27, 127, '2019-11-29 17:00:17', '2019-11-29 21:00:00', '2019-11-29 21:00:00', '2019-11-29 21:00:00', 1, 'Notebook', 'Asus', 'n580G', 'afsafsdfsdfsdf', 'LikeNew', 'good', 'OC', 'hz');
INSERT INTO orders (id, consumer_id, append_date, receive_plan, receive_fact, call_date, active, technic, brand, model, serial_number, condition_type, condition_description, order_description, note) VALUES (28, 127, '2019-11-29 17:00:21', '2019-11-29 21:00:00', '2019-11-29 21:00:00', '2019-11-29 21:00:00', 1, 'OrgTech', '', '', '', 'NotSet', '', '', '');
INSERT INTO orders (id, consumer_id, append_date, receive_plan, receive_fact, call_date, active, technic, brand, model, serial_number, condition_type, condition_description, order_description, note) VALUES (42, 145, '2019-12-01 08:14:27', '2019-12-01 21:00:00', '2019-12-01 21:00:00', '2019-12-01 21:00:00', null, 'Other', 'Asus', 'n580G', 'afsafsdfsdfsdf', 'Used', 'good', 'OC', 'hz');
INSERT INTO orders (id, consumer_id, append_date, receive_plan, receive_fact, call_date, active, technic, brand, model, serial_number, condition_type, condition_description, order_description, note) VALUES (49, 151, '2019-12-01 21:03:45', '2019-12-02 21:00:00', '2019-12-02 21:00:00', '2019-12-02 21:00:00', null, 'OrgTech', 'Asus', 'n580G', 'afsafsdfsdfsdf', null, '', '', '');
INSERT INTO orders (id, consumer_id, append_date, receive_plan, receive_fact, call_date, active, technic, brand, model, serial_number, condition_type, condition_description, order_description, note) VALUES (51, 154, '2019-12-02 20:46:29', '2019-12-02 21:00:00', '2019-12-02 21:00:00', '2019-12-02 21:00:00', null, 'PhoneOrTablet', 'Asus', 'n580G', 'afsafsdfsdfsdf', 'LikeNew', 'good', '', 'hz');
INSERT INTO orders (id, consumer_id, append_date, receive_plan, receive_fact, call_date, active, technic, brand, model, serial_number, condition_type, condition_description, order_description, note) VALUES (54, 157, '2019-12-03 10:30:52', '2019-12-03 21:00:00', '2019-12-03 21:00:00', '2019-12-03 21:00:00', null, 'PhoneOrTablet', '', '', '', 'NotSet', 'good', '', '');
INSERT INTO orders (id, consumer_id, append_date, receive_plan, receive_fact, call_date, active, technic, brand, model, serial_number, condition_type, condition_description, order_description, note) VALUES (55, 158, '2019-12-03 10:31:18', '2019-12-03 21:00:00', '2019-12-03 21:00:00', '2019-12-03 21:00:00', null, 'PC', 'Asus', 'n580G', 'afsafsdfsdfsdf', 'NotSet', '', '', '');
INSERT INTO orders (id, consumer_id, append_date, receive_plan, receive_fact, call_date, active, technic, brand, model, serial_number, condition_type, condition_description, order_description, note) VALUES (68, 172, '2020-01-20 14:57:03', '2020-01-20 21:00:00', '2020-01-20 21:00:00', '2020-01-20 21:00:00', null, 'Notebook', 'Asus', 'n580G', 'afsafsdfsdfsdf', 'LikeNew', 'good', 'OC', 'hz');
INSERT INTO orders (id, consumer_id, append_date, receive_plan, receive_fact, call_date, active, technic, brand, model, serial_number, condition_type, condition_description, order_description, note) VALUES (69, 172, '2020-01-20 14:57:12', '2020-01-20 21:00:00', '2020-01-20 21:00:00', '2020-01-20 21:00:00', null, 'PhoneOrTablet', 'Asus', 'n580G', 'afsafsdfsdfsdf', 'WithDamages', 'good', 'OC', 'hz');

INSERT INTO user (id, username, password) VALUES (1, 'maxmayev', 'effb50ab9c2df6e16ba781f66df76e2e8aa671150197bb7b5a1791b693cfc2fda1ed0e16fe78ad1a');
INSERT INTO user (id, username, password) VALUES (8, 'max', '9591739c1cc9ceb13141ee7f803a102fcc1b9a10ecc9f51aaac7cea831b8ac70e6dbb2559f381e3c');
INSERT INTO user (id, username, password) VALUES (9, 'eva', 'd866cbee2d16d0e16558299820a8df5d45799e0bfe6fe6ba18b79eff269e03ff507094bd99aaaee4');
INSERT INTO user (id, username, password) VALUES (10, '12345', '11b931febfc5f35e29deb6669bb8927e5c6bf4a3c9b033732c8f295958d2c134164258b9eb5578ba');
INSERT INTO user (id, username, password) VALUES (11, 'maxmayev1', '47e41e9cf124ff7cb360df38d3705c2007085c3fd5ade426ce731260dd80c7f993f81109fb7abbfc');